g0001.jpg,g0001.bmp
g0002.jpg,g0002.bmp
g0003.jpg,g0003.bmp
g0004.jpg,g0004.bmp
g0005.jpg,g0005.bmp
g0006.jpg,g0006.bmp
g0007.jpg,g0007.bmp
g0008.jpg,g0008.bmp
g0009.jpg,g0009.bmp
g0010.jpg,g0010.bmp
g0011.jpg,g0011.bmp
g0012.jpg,g0012.bmp
g0013.jpg,g0013.bmp
g0014.jpg,g0014.bmp
g0015.jpg,g0015.bmp
g0016.jpg,g0016.bmp
g0017.jpg,g0017.bmp
g0018.jpg,g0018.bmp
g0019.jpg,g0019.bmp
g0020.jpg,g0020.bmp
g0021.jpg,g0021.bmp
g0022.jpg,g0022.bmp
g0023.jpg,g0023.bmp
g0024.jpg,g0024.bmp
g0025.jpg,g0025.bmp
g0026.jpg,g0026.bmp
g0027.jpg,g0027.bmp
g0028.jpg,g0028.bmp
g0029.jpg,g0029.bmp
g0030.jpg,g0030.bmp
g0031.jpg,g0031.bmp
g0032.jpg,g0032.bmp
g0033.jpg,g0033.bmp
g0034.jpg,g0034.bmp
g0035.jpg,g0035.bmp
g0036.jpg,g0036.bmp
g0037.jpg,g0037.bmp
g0038.jpg,g0038.bmp
g0039.jpg,g0039.bmp
g0040.jpg,g0040.bmp
n0001.jpg,n0001.bmp
n0002.jpg,n0002.bmp
n0003.jpg,n0003.bmp
n0004.jpg,n0004.bmp
n0005.jpg,n0005.bmp
n0006.jpg,n0006.bmp
n0007.jpg,n0007.bmp
n0008.jpg,n0008.bmp
n0009.jpg,n0009.bmp
n0010.jpg,n0010.bmp
n0011.jpg,n0011.bmp
n0012.jpg,n0012.bmp
n0013.jpg,n0013.bmp
n0014.jpg,n0014.bmp
n0015.jpg,n0015.bmp
n0016.jpg,n0016.bmp
n0017.jpg,n0017.bmp
n0018.jpg,n0018.bmp
n0019.jpg,n0019.bmp
n0020.jpg,n0020.bmp
n0021.jpg,n0021.bmp
n0022.jpg,n0022.bmp
n0023.jpg,n0023.bmp
n0024.jpg,n0024.bmp
n0025.jpg,n0025.bmp
n0026.jpg,n0026.bmp
n0027.jpg,n0027.bmp
n0028.jpg,n0028.bmp
n0029.jpg,n0029.bmp
n0030.jpg,n0030.bmp
n0031.jpg,n0031.bmp
n0032.jpg,n0032.bmp
n0033.jpg,n0033.bmp
n0034.jpg,n0034.bmp
n0035.jpg,n0035.bmp
n0036.jpg,n0036.bmp
n0037.jpg,n0037.bmp
n0038.jpg,n0038.bmp
n0039.jpg,n0039.bmp
n0040.jpg,n0040.bmp
n0041.jpg,n0041.bmp
n0042.jpg,n0042.bmp
n0043.jpg,n0043.bmp
n0044.jpg,n0044.bmp
n0045.jpg,n0045.bmp
n0046.jpg,n0046.bmp
n0047.jpg,n0047.bmp
n0048.jpg,n0048.bmp
n0049.jpg,n0049.bmp
n0050.jpg,n0050.bmp
n0051.jpg,n0051.bmp
n0052.jpg,n0052.bmp
n0053.jpg,n0053.bmp
n0054.jpg,n0054.bmp
n0055.jpg,n0055.bmp
n0056.jpg,n0056.bmp
n0057.jpg,n0057.bmp
n0058.jpg,n0058.bmp
n0059.jpg,n0059.bmp
n0060.jpg,n0060.bmp
n0061.jpg,n0061.bmp
n0062.jpg,n0062.bmp
n0063.jpg,n0063.bmp
n0064.jpg,n0064.bmp
n0065.jpg,n0065.bmp
n0066.jpg,n0066.bmp
n0067.jpg,n0067.bmp
n0068.jpg,n0068.bmp
n0069.jpg,n0069.bmp
n0070.jpg,n0070.bmp
n0071.jpg,n0071.bmp
n0072.jpg,n0072.bmp
n0073.jpg,n0073.bmp
n0074.jpg,n0074.bmp
n0075.jpg,n0075.bmp
n0076.jpg,n0076.bmp
n0077.jpg,n0077.bmp
n0078.jpg,n0078.bmp
n0079.jpg,n0079.bmp
n0080.jpg,n0080.bmp
n0081.jpg,n0081.bmp
n0082.jpg,n0082.bmp
n0083.jpg,n0083.bmp
n0084.jpg,n0084.bmp
n0085.jpg,n0085.bmp
n0086.jpg,n0086.bmp
n0087.jpg,n0087.bmp
n0088.jpg,n0088.bmp
n0089.jpg,n0089.bmp
n0090.jpg,n0090.bmp
n0091.jpg,n0091.bmp
n0092.jpg,n0092.bmp
n0093.jpg,n0093.bmp
n0094.jpg,n0094.bmp
n0095.jpg,n0095.bmp
n0096.jpg,n0096.bmp
n0097.jpg,n0097.bmp
n0098.jpg,n0098.bmp
n0099.jpg,n0099.bmp
n0100.jpg,n0100.bmp
n0101.jpg,n0101.bmp
n0102.jpg,n0102.bmp
n0103.jpg,n0103.bmp
n0104.jpg,n0104.bmp
n0105.jpg,n0105.bmp
n0106.jpg,n0106.bmp
n0107.jpg,n0107.bmp
n0108.jpg,n0108.bmp
n0109.jpg,n0109.bmp
n0110.jpg,n0110.bmp
n0111.jpg,n0111.bmp
n0112.jpg,n0112.bmp
n0113.jpg,n0113.bmp
n0114.jpg,n0114.bmp
n0115.jpg,n0115.bmp
n0116.jpg,n0116.bmp
n0117.jpg,n0117.bmp
n0118.jpg,n0118.bmp
n0119.jpg,n0119.bmp
n0120.jpg,n0120.bmp
n0121.jpg,n0121.bmp
n0122.jpg,n0122.bmp
n0123.jpg,n0123.bmp
n0124.jpg,n0124.bmp
n0125.jpg,n0125.bmp
n0126.jpg,n0126.bmp
n0127.jpg,n0127.bmp
n0128.jpg,n0128.bmp
n0129.jpg,n0129.bmp
n0130.jpg,n0130.bmp
n0131.jpg,n0131.bmp
n0132.jpg,n0132.bmp
n0133.jpg,n0133.bmp
n0134.jpg,n0134.bmp
n0135.jpg,n0135.bmp
n0136.jpg,n0136.bmp
n0137.jpg,n0137.bmp
n0138.jpg,n0138.bmp
n0139.jpg,n0139.bmp
n0140.jpg,n0140.bmp
n0141.jpg,n0141.bmp
n0142.jpg,n0142.bmp
n0143.jpg,n0143.bmp
n0144.jpg,n0144.bmp
n0145.jpg,n0145.bmp
n0146.jpg,n0146.bmp
n0147.jpg,n0147.bmp
n0148.jpg,n0148.bmp
n0149.jpg,n0149.bmp
n0150.jpg,n0150.bmp
n0151.jpg,n0151.bmp
n0152.jpg,n0152.bmp
n0153.jpg,n0153.bmp
n0154.jpg,n0154.bmp
n0155.jpg,n0155.bmp
n0156.jpg,n0156.bmp
n0157.jpg,n0157.bmp
n0158.jpg,n0158.bmp
n0159.jpg,n0159.bmp
n0160.jpg,n0160.bmp
n0161.jpg,n0161.bmp
n0162.jpg,n0162.bmp
n0163.jpg,n0163.bmp
n0164.jpg,n0164.bmp
n0165.jpg,n0165.bmp
n0166.jpg,n0166.bmp
n0167.jpg,n0167.bmp
n0168.jpg,n0168.bmp
n0169.jpg,n0169.bmp
n0170.jpg,n0170.bmp
n0171.jpg,n0171.bmp
n0172.jpg,n0172.bmp
n0173.jpg,n0173.bmp
n0174.jpg,n0174.bmp
n0175.jpg,n0175.bmp
n0176.jpg,n0176.bmp
n0177.jpg,n0177.bmp
n0178.jpg,n0178.bmp
n0179.jpg,n0179.bmp
n0180.jpg,n0180.bmp
n0181.jpg,n0181.bmp
n0182.jpg,n0182.bmp
n0183.jpg,n0183.bmp
n0184.jpg,n0184.bmp
n0185.jpg,n0185.bmp
n0186.jpg,n0186.bmp
n0187.jpg,n0187.bmp
n0188.jpg,n0188.bmp
n0189.jpg,n0189.bmp
n0190.jpg,n0190.bmp
n0191.jpg,n0191.bmp
n0192.jpg,n0192.bmp
n0193.jpg,n0193.bmp
n0194.jpg,n0194.bmp
n0195.jpg,n0195.bmp
n0196.jpg,n0196.bmp
n0197.jpg,n0197.bmp
n0198.jpg,n0198.bmp
n0199.jpg,n0199.bmp
n0200.jpg,n0200.bmp
n0201.jpg,n0201.bmp
n0202.jpg,n0202.bmp
n0203.jpg,n0203.bmp
n0204.jpg,n0204.bmp
n0205.jpg,n0205.bmp
n0206.jpg,n0206.bmp
n0207.jpg,n0207.bmp
n0208.jpg,n0208.bmp
n0209.jpg,n0209.bmp
n0210.jpg,n0210.bmp
n0211.jpg,n0211.bmp
n0212.jpg,n0212.bmp
n0213.jpg,n0213.bmp
n0214.jpg,n0214.bmp
n0215.jpg,n0215.bmp
n0216.jpg,n0216.bmp
n0217.jpg,n0217.bmp
n0218.jpg,n0218.bmp
n0219.jpg,n0219.bmp
n0220.jpg,n0220.bmp
n0221.jpg,n0221.bmp
n0222.jpg,n0222.bmp
n0223.jpg,n0223.bmp
n0224.jpg,n0224.bmp
n0225.jpg,n0225.bmp
n0226.jpg,n0226.bmp
n0227.jpg,n0227.bmp
n0228.jpg,n0228.bmp
n0229.jpg,n0229.bmp
n0230.jpg,n0230.bmp
n0231.jpg,n0231.bmp
n0232.jpg,n0232.bmp
n0233.jpg,n0233.bmp
n0234.jpg,n0234.bmp
n0235.jpg,n0235.bmp
n0236.jpg,n0236.bmp
n0237.jpg,n0237.bmp
n0238.jpg,n0238.bmp
n0239.jpg,n0239.bmp
n0240.jpg,n0240.bmp
n0241.jpg,n0241.bmp
n0242.jpg,n0242.bmp
n0243.jpg,n0243.bmp
n0244.jpg,n0244.bmp
n0245.jpg,n0245.bmp
n0246.jpg,n0246.bmp
n0247.jpg,n0247.bmp
n0248.jpg,n0248.bmp
n0249.jpg,n0249.bmp
n0250.jpg,n0250.bmp
n0251.jpg,n0251.bmp
n0252.jpg,n0252.bmp
n0253.jpg,n0253.bmp
n0254.jpg,n0254.bmp
n0255.jpg,n0255.bmp
n0256.jpg,n0256.bmp
n0257.jpg,n0257.bmp
n0258.jpg,n0258.bmp
n0259.jpg,n0259.bmp
n0260.jpg,n0260.bmp
n0261.jpg,n0261.bmp
n0262.jpg,n0262.bmp
n0263.jpg,n0263.bmp
n0264.jpg,n0264.bmp
n0265.jpg,n0265.bmp
n0266.jpg,n0266.bmp
n0267.jpg,n0267.bmp
n0268.jpg,n0268.bmp
n0269.jpg,n0269.bmp
n0270.jpg,n0270.bmp
n0271.jpg,n0271.bmp
n0272.jpg,n0272.bmp
n0273.jpg,n0273.bmp
n0274.jpg,n0274.bmp
n0275.jpg,n0275.bmp
n0276.jpg,n0276.bmp
n0277.jpg,n0277.bmp
n0278.jpg,n0278.bmp
n0279.jpg,n0279.bmp
n0280.jpg,n0280.bmp
n0281.jpg,n0281.bmp
n0282.jpg,n0282.bmp
n0283.jpg,n0283.bmp
n0284.jpg,n0284.bmp
n0285.jpg,n0285.bmp
n0286.jpg,n0286.bmp
n0287.jpg,n0287.bmp
n0288.jpg,n0288.bmp
n0289.jpg,n0289.bmp
n0290.jpg,n0290.bmp
n0291.jpg,n0291.bmp
n0292.jpg,n0292.bmp
n0293.jpg,n0293.bmp
n0294.jpg,n0294.bmp
n0295.jpg,n0295.bmp
n0296.jpg,n0296.bmp
n0297.jpg,n0297.bmp
n0298.jpg,n0298.bmp
n0299.jpg,n0299.bmp
n0300.jpg,n0300.bmp
n0301.jpg,n0301.bmp
n0302.jpg,n0302.bmp
n0303.jpg,n0303.bmp
n0304.jpg,n0304.bmp
n0305.jpg,n0305.bmp
n0306.jpg,n0306.bmp
n0307.jpg,n0307.bmp
n0308.jpg,n0308.bmp
n0309.jpg,n0309.bmp
n0310.jpg,n0310.bmp
n0311.jpg,n0311.bmp
n0312.jpg,n0312.bmp
n0313.jpg,n0313.bmp
n0314.jpg,n0314.bmp
n0315.jpg,n0315.bmp
n0316.jpg,n0316.bmp
n0317.jpg,n0317.bmp
n0318.jpg,n0318.bmp
n0319.jpg,n0319.bmp
n0320.jpg,n0320.bmp
n0321.jpg,n0321.bmp
n0322.jpg,n0322.bmp
n0323.jpg,n0323.bmp
n0324.jpg,n0324.bmp
n0325.jpg,n0325.bmp
n0326.jpg,n0326.bmp
n0327.jpg,n0327.bmp
n0328.jpg,n0328.bmp
n0329.jpg,n0329.bmp
n0330.jpg,n0330.bmp
n0331.jpg,n0331.bmp
n0332.jpg,n0332.bmp
n0333.jpg,n0333.bmp
n0334.jpg,n0334.bmp
n0335.jpg,n0335.bmp
n0336.jpg,n0336.bmp
n0337.jpg,n0337.bmp
n0338.jpg,n0338.bmp
n0339.jpg,n0339.bmp
n0340.jpg,n0340.bmp
n0341.jpg,n0341.bmp
n0342.jpg,n0342.bmp
n0343.jpg,n0343.bmp
n0344.jpg,n0344.bmp
n0345.jpg,n0345.bmp
n0346.jpg,n0346.bmp
n0347.jpg,n0347.bmp
n0348.jpg,n0348.bmp
n0349.jpg,n0349.bmp
n0350.jpg,n0350.bmp
n0351.jpg,n0351.bmp
n0352.jpg,n0352.bmp
n0353.jpg,n0353.bmp
n0354.jpg,n0354.bmp
n0355.jpg,n0355.bmp
n0356.jpg,n0356.bmp
n0357.jpg,n0357.bmp
n0358.jpg,n0358.bmp
n0359.jpg,n0359.bmp
n0360.jpg,n0360.bmp