drishtiGS_002.png,drishtiGS_002_ODsegSoftmap.png
drishtiGS_004.png,drishtiGS_004_ODsegSoftmap.png
drishtiGS_008.png,drishtiGS_008_ODsegSoftmap.png
drishtiGS_010.png,drishtiGS_010_ODsegSoftmap.png
drishtiGS_012.png,drishtiGS_012_ODsegSoftmap.png
drishtiGS_015.png,drishtiGS_015_ODsegSoftmap.png
drishtiGS_016.png,drishtiGS_016_ODsegSoftmap.png
drishtiGS_017.png,drishtiGS_017_ODsegSoftmap.png
drishtiGS_018.png,drishtiGS_018_ODsegSoftmap.png
drishtiGS_022.png,drishtiGS_022_ODsegSoftmap.png
drishtiGS_024.png,drishtiGS_024_ODsegSoftmap.png
drishtiGS_026.png,drishtiGS_026_ODsegSoftmap.png
drishtiGS_031.png,drishtiGS_031_ODsegSoftmap.png
drishtiGS_032.png,drishtiGS_032_ODsegSoftmap.png
drishtiGS_033.png,drishtiGS_033_ODsegSoftmap.png
drishtiGS_035.png,drishtiGS_035_ODsegSoftmap.png
drishtiGS_036.png,drishtiGS_036_ODsegSoftmap.png
drishtiGS_037.png,drishtiGS_037_ODsegSoftmap.png
drishtiGS_038.png,drishtiGS_038_ODsegSoftmap.png
drishtiGS_040.png,drishtiGS_040_ODsegSoftmap.png
drishtiGS_041.png,drishtiGS_041_ODsegSoftmap.png
drishtiGS_042.png,drishtiGS_042_ODsegSoftmap.png
drishtiGS_044.png,drishtiGS_044_ODsegSoftmap.png
drishtiGS_045.png,drishtiGS_045_ODsegSoftmap.png
drishtiGS_046.png,drishtiGS_046_ODsegSoftmap.png
drishtiGS_047.png,drishtiGS_047_ODsegSoftmap.png
drishtiGS_049.png,drishtiGS_049_ODsegSoftmap.png
drishtiGS_051.png,drishtiGS_051_ODsegSoftmap.png
drishtiGS_057.png,drishtiGS_057_ODsegSoftmap.png
drishtiGS_058.png,drishtiGS_058_ODsegSoftmap.png
drishtiGS_060.png,drishtiGS_060_ODsegSoftmap.png
drishtiGS_061.png,drishtiGS_061_ODsegSoftmap.png
drishtiGS_062.png,drishtiGS_062_ODsegSoftmap.png
drishtiGS_063.png,drishtiGS_063_ODsegSoftmap.png
drishtiGS_064.png,drishtiGS_064_ODsegSoftmap.png
drishtiGS_066.png,drishtiGS_066_ODsegSoftmap.png
drishtiGS_068.png,drishtiGS_068_ODsegSoftmap.png
drishtiGS_069.png,drishtiGS_069_ODsegSoftmap.png
drishtiGS_075.png,drishtiGS_075_ODsegSoftmap.png
drishtiGS_076.png,drishtiGS_076_ODsegSoftmap.png
drishtiGS_080.png,drishtiGS_080_ODsegSoftmap.png
drishtiGS_081.png,drishtiGS_081_ODsegSoftmap.png
drishtiGS_084.png,drishtiGS_084_ODsegSoftmap.png
drishtiGS_088.png,drishtiGS_088_ODsegSoftmap.png
drishtiGS_089.png,drishtiGS_089_ODsegSoftmap.png
drishtiGS_090.png,drishtiGS_090_ODsegSoftmap.png
drishtiGS_092.png,drishtiGS_092_ODsegSoftmap.png
drishtiGS_094.png,drishtiGS_094_ODsegSoftmap.png
drishtiGS_098.png,drishtiGS_098_ODsegSoftmap.png
drishtiGS_101.png,drishtiGS_101_ODsegSoftmap.png