drishtiGS_002.png,drishtiGS_002_cupsegSoftmap.png
drishtiGS_004.png,drishtiGS_004_cupsegSoftmap.png
drishtiGS_008.png,drishtiGS_008_cupsegSoftmap.png
drishtiGS_010.png,drishtiGS_010_cupsegSoftmap.png
drishtiGS_012.png,drishtiGS_012_cupsegSoftmap.png
drishtiGS_015.png,drishtiGS_015_cupsegSoftmap.png
drishtiGS_016.png,drishtiGS_016_cupsegSoftmap.png
drishtiGS_017.png,drishtiGS_017_cupsegSoftmap.png
drishtiGS_018.png,drishtiGS_018_cupsegSoftmap.png
drishtiGS_022.png,drishtiGS_022_cupsegSoftmap.png
drishtiGS_024.png,drishtiGS_024_cupsegSoftmap.png
drishtiGS_026.png,drishtiGS_026_cupsegSoftmap.png
drishtiGS_031.png,drishtiGS_031_cupsegSoftmap.png
drishtiGS_032.png,drishtiGS_032_cupsegSoftmap.png
drishtiGS_033.png,drishtiGS_033_cupsegSoftmap.png
drishtiGS_035.png,drishtiGS_035_cupsegSoftmap.png
drishtiGS_036.png,drishtiGS_036_cupsegSoftmap.png
drishtiGS_037.png,drishtiGS_037_cupsegSoftmap.png
drishtiGS_038.png,drishtiGS_038_cupsegSoftmap.png
drishtiGS_040.png,drishtiGS_040_cupsegSoftmap.png
drishtiGS_041.png,drishtiGS_041_cupsegSoftmap.png
drishtiGS_042.png,drishtiGS_042_cupsegSoftmap.png
drishtiGS_044.png,drishtiGS_044_cupsegSoftmap.png
drishtiGS_045.png,drishtiGS_045_cupsegSoftmap.png
drishtiGS_046.png,drishtiGS_046_cupsegSoftmap.png
drishtiGS_047.png,drishtiGS_047_cupsegSoftmap.png
drishtiGS_049.png,drishtiGS_049_cupsegSoftmap.png
drishtiGS_051.png,drishtiGS_051_cupsegSoftmap.png
drishtiGS_057.png,drishtiGS_057_cupsegSoftmap.png
drishtiGS_058.png,drishtiGS_058_cupsegSoftmap.png
drishtiGS_060.png,drishtiGS_060_cupsegSoftmap.png
drishtiGS_061.png,drishtiGS_061_cupsegSoftmap.png
drishtiGS_062.png,drishtiGS_062_cupsegSoftmap.png
drishtiGS_063.png,drishtiGS_063_cupsegSoftmap.png
drishtiGS_064.png,drishtiGS_064_cupsegSoftmap.png
drishtiGS_066.png,drishtiGS_066_cupsegSoftmap.png
drishtiGS_068.png,drishtiGS_068_cupsegSoftmap.png
drishtiGS_069.png,drishtiGS_069_cupsegSoftmap.png
drishtiGS_075.png,drishtiGS_075_cupsegSoftmap.png
drishtiGS_076.png,drishtiGS_076_cupsegSoftmap.png
drishtiGS_080.png,drishtiGS_080_cupsegSoftmap.png
drishtiGS_081.png,drishtiGS_081_cupsegSoftmap.png
drishtiGS_084.png,drishtiGS_084_cupsegSoftmap.png
drishtiGS_088.png,drishtiGS_088_cupsegSoftmap.png
drishtiGS_089.png,drishtiGS_089_cupsegSoftmap.png
drishtiGS_090.png,drishtiGS_090_cupsegSoftmap.png
drishtiGS_092.png,drishtiGS_092_cupsegSoftmap.png
drishtiGS_094.png,drishtiGS_094_cupsegSoftmap.png
drishtiGS_098.png,drishtiGS_098_cupsegSoftmap.png
drishtiGS_101.png,drishtiGS_101_cupsegSoftmap.png