image_001.jpg,anotExpert1_001.txt
image_002.jpg,anotExpert1_002.txt
image_003.jpg,anotExpert1_003.txt
image_004.jpg,anotExpert1_004.txt
image_005.jpg,anotExpert1_005.txt
image_006.jpg,anotExpert1_006.txt
image_007.jpg,anotExpert1_007.txt
image_008.jpg,anotExpert1_008.txt
image_009.jpg,anotExpert1_009.txt
image_010.jpg,anotExpert1_010.txt
image_011.jpg,anotExpert1_011.txt
image_012.jpg,anotExpert1_012.txt
image_013.jpg,anotExpert1_013.txt
image_014.jpg,anotExpert1_014.txt
image_015.jpg,anotExpert1_015.txt
image_016.jpg,anotExpert1_016.txt
image_017.jpg,anotExpert1_017.txt
image_018.jpg,anotExpert1_018.txt
image_019.jpg,anotExpert1_019.txt
image_020.jpg,anotExpert1_020.txt
image_021.jpg,anotExpert1_021.txt
image_022.jpg,anotExpert1_022.txt
image_023.jpg,anotExpert1_023.txt
image_024.jpg,anotExpert1_024.txt
image_025.jpg,anotExpert1_025.txt
image_026.jpg,anotExpert1_026.txt
image_027.jpg,anotExpert1_027.txt
image_028.jpg,anotExpert1_028.txt
image_029.jpg,anotExpert1_029.txt
image_030.jpg,anotExpert1_030.txt
image_031.jpg,anotExpert1_031.txt
image_032.jpg,anotExpert1_032.txt
image_033.jpg,anotExpert1_033.txt
image_034.jpg,anotExpert1_034.txt
image_035.jpg,anotExpert1_035.txt
image_036.jpg,anotExpert1_036.txt
image_037.jpg,anotExpert1_037.txt
image_038.jpg,anotExpert1_038.txt
image_039.jpg,anotExpert1_039.txt
image_040.jpg,anotExpert1_040.txt
image_041.jpg,anotExpert1_041.txt
image_042.jpg,anotExpert1_042.txt
image_043.jpg,anotExpert1_043.txt
image_044.jpg,anotExpert1_044.txt
image_045.jpg,anotExpert1_045.txt
image_046.jpg,anotExpert1_046.txt
image_047.jpg,anotExpert1_047.txt
image_048.jpg,anotExpert1_048.txt
image_049.jpg,anotExpert1_049.txt
image_050.jpg,anotExpert1_050.txt
image_051.jpg,anotExpert1_051.txt
image_052.jpg,anotExpert1_052.txt
image_053.jpg,anotExpert1_053.txt
image_054.jpg,anotExpert1_054.txt
image_055.jpg,anotExpert1_055.txt
image_056.jpg,anotExpert1_056.txt
image_057.jpg,anotExpert1_057.txt
image_058.jpg,anotExpert1_058.txt
image_059.jpg,anotExpert1_059.txt
image_060.jpg,anotExpert1_060.txt