N-10-R.jpg,N-10-R-1-Cup-exp1.png
N-11-L.jpg,N-11-L-1-Cup-exp1.png
N-12-R.jpg,N-12-R-1-Cup-exp1.png
N-13-L.jpg,N-13-L-1-Cup-exp1.png
N-14-R.jpg,N-14-R-1-Cup-exp1.png
N-16-R.jpg,N-16-R-1-Cup-exp1.png
N-24-R.jpg,N-24-R-1-Cup-exp1.png
N-25-L.jpg,N-25-L-1-Cup-exp1.png
N-26-R.jpg,N-26-R-1-Cup-exp1.png
N-27-L.jpg,N-27-L-1-Cup-exp1.png
N-52-R.jpg,N-52-R-1-Cup-exp1.png
N-53-L.jpg,N-53-L-1-Cup-exp1.png
N-54-R.jpg,N-54-R-1-Cup-exp1.png
N-55-L.jpg,N-55-L-1-Cup-exp1.png
N-56-R.jpg,N-56-R-1-Cup-exp1.png
N-58-R.jpg,N-58-R-1-Cup-exp1.png
N-59-L.jpg,N-59-L-1-Cup-exp1.png
N-5-L.jpg,N-5-L-1-Cup-exp1.png
N-61-L.jpg,N-61-L-1-Cup-exp1.png
N-62-R.jpg,N-62-R-1-Cup-exp1.png
N-63-L.jpg,N-63-L-1-Cup-exp1.png
N-64-R.jpg,N-64-R-1-Cup-exp1.png
N-65-L.jpg,N-65-L-1-Cup-exp1.png
N-66-R.jpg,N-66-R-1-Cup-exp1.png
N-67-L.jpg,N-67-L-1-Cup-exp1.png
N-68-R.jpg,N-68-R-1-Cup-exp1.png
N-69-L.jpg,N-69-L-1-Cup-exp1.png
N-6-R.jpg,N-6-R-1-Cup-exp1.png
N-70-R.jpg,N-70-R-1-Cup-exp1.png
N-71-L.jpg,N-71-L-1-Cup-exp1.png
N-72-R.jpg,N-72-R-1-Cup-exp1.png
N-73-R.jpg,N-73-R-1-Cup-exp1.png
N-74-L.jpg,N-74-L-1-Cup-exp1.png
N-75-R.jpg,N-75-R-1-Cup-exp1.png
N-76-R.jpg,N-76-R-1-Cup-exp1.png
N-79-L.jpg,N-79-L-1-Cup-exp1.png
N-7-L.jpg,N-7-L-1-Cup-exp1.png
N-80-R.jpg,N-80-R-1-Cup-exp1.png
N-81-L.jpg,N-81-L-1-Cup-exp1.png
N-82-R.jpg,N-82-R-1-Cup-exp1.png
N-83-L.jpg,N-83-L-1-Cup-exp1.png
N-84-R.jpg,N-84-R-1-Cup-exp1.png
N-85-L.jpg,N-85-L-1-Cup-exp1.png
N-86-R.jpg,N-86-R-1-Cup-exp1.png
N-87-L.jpg,N-87-L-1-Cup-exp1.png
N-88-R.jpg,N-88-R-1-Cup-exp1.png
N-8-L.jpg,N-8-L-1-Cup-exp1.png
N-90-R.jpg,N-90-R-1-Cup-exp1.png
N-91-L.jpg,N-91-L-1-Cup-exp1.png
N-92-R.jpg,N-92-R-1-Cup-exp1.png
N-9-L.jpg,N-9-L-1-Cup-exp1.png
G-10-L.jpg,G-10-L-1-Cup-exp1.png
G-11-R.jpg,G-11-R-1-Cup-exp1.png
G-12-L.jpg,G-12-L-1-Cup-exp1.png
G-13-R.jpg,G-13-R-1-Cup-exp1.png
G-14-R.jpg,G-14-R-1-Cup-exp1.png
G-15-L.jpg,G-15-L-1-Cup-exp1.png
G-16-R.jpg,G-16-R-1-Cup-exp1.png
G-17-L.jpg,G-17-L-1-Cup-exp1.png
G-18-R.jpg,G-18-R-1-Cup-exp1.png
G-19-R.jpg,G-19-R-1-Cup-exp1.png
G-1-L.jpg,G-1-L-1-Cup-exp1.png
G-20-L.jpg,G-20-L-1-Cup-exp1.png
G-21-R.jpg,G-21-R-1-Cup-exp1.png
G-32-L.jpg,G-32-L-1-Cup-exp1.png
G-33-R.jpg,G-33-R-1-Cup-exp1.png
G-34-L.jpg,G-34-L-1-Cup-exp1.png
G-35-R.jpg,G-35-R-1-Cup-exp1.png
G-36-R.jpg,G-36-R-1-Cup-exp1.png
G-37-R.jpg,G-37-R-1-Cup-exp1.png
G-38-L.jpg,G-38-L-1-Cup-exp1.png
G-39-L.jpg,G-39-L-1-Cup-exp1.png
G-3-R.jpg,G-3-R-1-Cup-exp1.png
G-4-L.jpg,G-4-L-1-Cup-exp1.png
G-5-R.jpg,G-5-R-1-Cup-exp1.png
G-6-L.jpg,G-6-L-1-Cup-exp1.png
G-7-L.jpg,G-7-L-1-Cup-exp1.png
G-8-R.jpg,G-8-R-1-Cup-exp1.png
G-9-R.jpg,G-9-R-1-Cup-exp1.png
S-10-R.jpg,S-10-R-1-Cup-exp1.png
S-11-L.jpg,S-11-L-1-Cup-exp1.png
S-12-L.jpg,S-12-L-1-Cup-exp1.png
S-13-R.jpg,S-13-R-1-Cup-exp1.png
S-14-R.jpg,S-14-R-1-Cup-exp1.png
S-15-L.jpg,S-15-L-1-Cup-exp1.png
S-16-R.jpg,S-16-R-1-Cup-exp1.png
S-17-L.jpg,S-17-L-1-Cup-exp1.png
S-18-L.jpg,S-18-L-1-Cup-exp1.png
S-19-R.jpg,S-19-R-1-Cup-exp1.png
S-1-L.jpg,S-1-L-1-Cup-exp1.png
S-20-L.jpg,S-20-L-1-Cup-exp1.png
S-21-R.jpg,S-21-R-1-Cup-exp1.png
S-22-L.jpg,S-22-L-1-Cup-exp1.png
S-23-L.jpg,S-23-L-1-Cup-exp1.png
S-24-R.jpg,S-24-R-1-Cup-exp1.png
S-25-L.jpg,S-25-L-1-Cup-exp1.png
S-26-R.jpg,S-26-R-1-Cup-exp1.png
S-27-L.jpg,S-27-L-1-Cup-exp1.png
S-28-R.jpg,S-28-R-1-Cup-exp1.png